172.10.0.2,DC01.BIGMKT1.COM
172.10.0.3,MAIL01.BIGMKT1.COM
172.10.0.4,WEB01.BIGMKT1.COM
172.10.0.5,WEB01A.BIGMKT1.COM
172.10.0.9,WEB01B.BIGMKT1.COM
172.10.0.7,WEB01C.BIGMKT1.COM
172.10.0.8,WEB01D.BIGMKT1.COM
172.10.0.40,Administrator.BIGMKT1.COM
172.10.1.1,WSS1-01.BIGMKT1.COM
172.10.1.2,WSS1-02.BIGMKT1.COM
172.10.1.3,WSS1-03.BIGMKT1.COM
172.10.1.4,WSS1-04.BIGMKT1.COM
172.10.1.5,WSS1-05.BIGMKT1.COM
172.10.1.6,WSS1-06.BIGMKT1.COM
172.10.1.7,WSS1-07.BIGMKT1.COM
172.10.1.8,WSS1-08.BIGMKT1.COM
172.10.1.9,WSS1-09.BIGMKT1.COM
172.10.1.10,WSS1-10.BIGMKT1.COM
172.10.1.11,WSS1-11.BIGMKT1.COM
172.10.1.12,WSS1-12.BIGMKT1.COM
172.10.1.13,WSS1-13.BIGMKT1.COM
172.10.1.14,WSS1-14.BIGMKT1.COM
172.10.1.15,WSS1-15.BIGMKT1.COM
172.10.1.16,WSS1-16.BIGMKT1.COM
172.10.1.17,WSS1-17.BIGMKT1.COM
172.10.1.18,WSS1-18.BIGMKT1.COM
172.10.1.19,WSS1-19.BIGMKT1.COM
172.10.1.20,WSS1-20.BIGMKT1.COM
172.10.1.21,WSS1-21.BIGMKT1.COM
172.10.1.22,WSS1-22.BIGMKT1.COM
172.10.1.23,WSS1-23.BIGMKT1.COM
172.10.1.24,WSS1-24.BIGMKT1.COM
172.10.1.25,WSS1-25.BIGMKT1.COM
172.10.1.26,WSS1-26.BIGMKT1.COM
172.10.1.27,WSS1-27.BIGMKT1.COM
172.10.1.28,WSS1-28.BIGMKT1.COM
172.10.1.29,WSS1-29.BIGMKT1.COM
172.10.1.30,WSS1-30.BIGMKT1.COM
172.10.1.31,WSS1-31.BIGMKT1.COM
172.10.1.32,WSS1-32.BIGMKT1.COM
172.10.1.33,WSS1-33.BIGMKT1.COM
172.10.1.34,WSS1-34.BIGMKT1.COM
172.10.1.35,WSS1-35.BIGMKT1.COM
172.10.1.36,WSS1-36.BIGMKT1.COM
172.10.1.37,WSS1-37.BIGMKT1.COM
172.10.1.38,WSS1-38.BIGMKT1.COM
172.10.1.39,WSS1-39.BIGMKT1.COM
172.10.1.40,WSS1-40.BIGMKT1.COM
172.10.1.41,WSS1-41.BIGMKT1.COM
172.10.1.42,WSS1-42.BIGMKT1.COM
172.10.1.43,WSS1-43.BIGMKT1.COM
172.10.1.44,WSS1-44.BIGMKT1.COM
172.10.1.45,WSS1-45.BIGMKT1.COM
172.10.1.46,WSS1-46.BIGMKT1.COM
172.10.1.47,WSS1-47.BIGMKT1.COM
172.10.1.48,WSS1-48.BIGMKT1.COM
172.10.1.49,WSS1-49.BIGMKT1.COM
172.10.1.50,WSS1-50.BIGMKT1.COM
172.10.1.51,WSS1-51.BIGMKT1.COM
172.10.1.52,WSS1-52.BIGMKT1.COM
172.10.1.53,WSS1-53.BIGMKT1.COM
172.10.1.54,WSS1-54.BIGMKT1.COM
172.10.1.55,WSS1-55.BIGMKT1.COM
172.10.1.56,WSS1-56.BIGMKT1.COM
172.10.1.57,WSS1-57.BIGMKT1.COM
172.10.1.58,WSS1-58.BIGMKT1.COM
172.10.1.59,WSS1-59.BIGMKT1.COM
172.10.1.60,WSS1-60.BIGMKT1.COM
172.10.1.61,WSS1-61.BIGMKT1.COM
172.10.1.62,WSS1-62.BIGMKT1.COM
172.10.1.63,WSS1-63.BIGMKT1.COM
172.10.1.64,WSS1-64.BIGMKT1.COM
172.10.1.65,WSS1-65.BIGMKT1.COM
172.10.1.66,WSS1-66.BIGMKT1.COM
172.10.1.67,WSS1-67.BIGMKT1.COM
172.10.1.68,WSS1-68.BIGMKT1.COM
172.10.1.69,WSS1-69.BIGMKT1.COM
172.10.1.70,WSS1-70.BIGMKT1.COM
172.10.1.71,WSS1-71.BIGMKT1.COM
172.10.1.72,WSS1-72.BIGMKT1.COM
172.10.1.73,WSS1-73.BIGMKT1.COM
172.10.1.74,WSS1-74.BIGMKT1.COM
172.10.1.75,WSS1-75.BIGMKT1.COM
172.10.1.76,WSS1-76.BIGMKT1.COM
172.10.1.77,WSS1-77.BIGMKT1.COM
172.10.1.78,WSS1-78.BIGMKT1.COM
172.10.1.79,WSS1-79.BIGMKT1.COM
172.10.1.80,WSS1-80.BIGMKT1.COM
172.10.1.81,WSS1-81.BIGMKT1.COM
172.10.1.82,WSS1-82.BIGMKT1.COM
172.10.1.83,WSS1-83.BIGMKT1.COM
172.10.1.84,WSS1-84.BIGMKT1.COM
172.10.1.85,WSS1-85.BIGMKT1.COM
172.10.1.86,WSS1-86.BIGMKT1.COM
172.10.1.87,WSS1-87.BIGMKT1.COM
172.10.1.88,WSS1-88.BIGMKT1.COM
172.10.1.89,WSS1-89.BIGMKT1.COM
172.10.1.90,WSS1-90.BIGMKT1.COM
172.10.1.91,WSS1-91.BIGMKT1.COM
172.10.1.92,WSS1-92.BIGMKT1.COM
172.10.1.93,WSS1-93.BIGMKT1.COM
172.10.1.94,WSS1-94.BIGMKT1.COM
172.10.1.95,WSS1-95.BIGMKT1.COM
172.10.1.96,WSS1-96.BIGMKT1.COM
172.10.1.97,WSS1-97.BIGMKT1.COM
172.10.1.98,WSS1-98.BIGMKT1.COM
172.10.1.99,WSS1-99.BIGMKT1.COM
172.10.1.100,WSS1-100.BIGMKT1.COM
172.10.1.101,WSS1-101.BIGMKT1.COM
172.10.1.102,WSS1-102.BIGMKT1.COM
172.10.1.103,WSS1-103.BIGMKT1.COM
172.10.1.104,WSS1-104.BIGMKT1.COM
172.10.1.105,WSS1-105.BIGMKT1.COM
172.10.1.106,WSS1-106.BIGMKT1.COM
172.10.1.107,WSS1-107.BIGMKT1.COM
172.10.1.108,WSS1-108.BIGMKT1.COM
172.10.1.109,WSS1-109.BIGMKT1.COM
172.10.1.110,WSS1-110.BIGMKT1.COM
172.10.1.111,WSS1-111.BIGMKT1.COM
172.10.1.112,WSS1-112.BIGMKT1.COM
172.10.1.113,WSS1-113.BIGMKT1.COM
172.10.1.114,WSS1-114.BIGMKT1.COM
172.10.1.115,WSS1-115.BIGMKT1.COM
172.10.1.116,WSS1-116.BIGMKT1.COM
172.10.1.117,WSS1-117.BIGMKT1.COM
172.10.1.118,WSS1-118.BIGMKT1.COM
172.10.1.119,WSS1-119.BIGMKT1.COM
172.10.1.120,WSS1-120.BIGMKT1.COM
172.10.1.121,WSS1-121.BIGMKT1.COM
172.10.1.122,WSS1-122.BIGMKT1.COM
172.10.1.123,WSS1-123.BIGMKT1.COM
172.10.1.124,WSS1-124.BIGMKT1.COM
172.10.1.125,WSS1-125.BIGMKT1.COM
172.10.1.126,WSS1-126.BIGMKT1.COM
172.10.1.127,WSS1-127.BIGMKT1.COM
172.10.1.128,WSS1-128.BIGMKT1.COM
172.10.1.129,WSS1-129.BIGMKT1.COM
172.10.1.130,WSS1-130.BIGMKT1.COM
172.10.1.131,WSS1-131.BIGMKT1.COM
172.10.1.132,WSS1-132.BIGMKT1.COM
172.10.1.133,WSS1-133.BIGMKT1.COM
172.10.1.134,WSS1-134.BIGMKT1.COM
172.10.1.135,WSS1-135.BIGMKT1.COM
172.10.1.136,WSS1-136.BIGMKT1.COM
172.10.1.137,WSS1-137.BIGMKT1.COM
172.10.1.138,WSS1-138.BIGMKT1.COM
172.10.1.139,WSS1-139.BIGMKT1.COM
172.10.1.140,WSS1-140.BIGMKT1.COM
172.10.1.141,WSS1-141.BIGMKT1.COM
172.10.1.142,WSS1-142.BIGMKT1.COM
172.10.1.143,WSS1-143.BIGMKT1.COM
172.10.1.144,WSS1-144.BIGMKT1.COM
172.10.1.145,WSS1-145.BIGMKT1.COM
172.10.1.146,WSS1-146.BIGMKT1.COM
172.10.1.147,WSS1-147.BIGMKT1.COM
172.10.1.148,WSS1-148.BIGMKT1.COM
172.10.1.149,WSS1-149.BIGMKT1.COM
172.10.1.150,WSS1-150.BIGMKT1.COM
172.10.1.151,WSS1-151.BIGMKT1.COM
172.10.1.152,WSS1-152.BIGMKT1.COM
172.10.1.153,WSS1-153.BIGMKT1.COM
172.10.1.154,WSS1-154.BIGMKT1.COM
172.10.1.155,WSS1-155.BIGMKT1.COM
172.10.1.156,WSS1-156.BIGMKT1.COM
172.10.1.157,WSS1-157.BIGMKT1.COM
172.10.1.158,WSS1-158.BIGMKT1.COM
172.10.1.159,WSS1-159.BIGMKT1.COM
172.10.1.160,WSS1-160.BIGMKT1.COM
172.10.1.161,WSS1-161.BIGMKT1.COM
172.10.1.162,WSS1-162.BIGMKT1.COM
172.10.1.163,WSS1-163.BIGMKT1.COM
172.10.1.164,WSS1-164.BIGMKT1.COM
172.10.1.165,WSS1-165.BIGMKT1.COM
172.10.1.166,WSS1-166.BIGMKT1.COM
172.10.1.167,WSS1-167.BIGMKT1.COM
172.10.1.168,WSS1-168.BIGMKT1.COM
172.10.1.169,WSS1-169.BIGMKT1.COM
172.10.1.170,WSS1-170.BIGMKT1.COM
172.10.1.171,WSS1-171.BIGMKT1.COM
172.10.1.172,WSS1-172.BIGMKT1.COM
172.10.1.173,WSS1-173.BIGMKT1.COM
172.10.1.174,WSS1-174.BIGMKT1.COM
172.10.1.175,WSS1-175.BIGMKT1.COM
172.10.1.176,WSS1-176.BIGMKT1.COM
172.10.1.177,WSS1-177.BIGMKT1.COM
172.10.1.178,WSS1-178.BIGMKT1.COM
172.10.1.179,WSS1-179.BIGMKT1.COM
172.10.1.180,WSS1-180.BIGMKT1.COM
172.10.1.181,WSS1-181.BIGMKT1.COM
172.10.1.182,WSS1-182.BIGMKT1.COM
172.10.1.183,WSS1-183.BIGMKT1.COM
172.10.1.184,WSS1-184.BIGMKT1.COM
172.10.1.185,WSS1-185.BIGMKT1.COM
172.10.1.186,WSS1-186.BIGMKT1.COM
172.10.1.187,WSS1-187.BIGMKT1.COM
172.10.1.188,WSS1-188.BIGMKT1.COM
172.10.1.189,WSS1-189.BIGMKT1.COM
172.10.1.190,WSS1-190.BIGMKT1.COM
172.10.1.191,WSS1-191.BIGMKT1.COM
172.10.1.192,WSS1-192.BIGMKT1.COM
172.10.1.193,WSS1-193.BIGMKT1.COM
172.10.1.194,WSS1-194.BIGMKT1.COM
172.10.1.195,WSS1-195.BIGMKT1.COM
172.10.1.196,WSS1-196.BIGMKT1.COM
172.10.1.197,WSS1-197.BIGMKT1.COM
172.10.1.198,WSS1-198.BIGMKT1.COM
172.10.1.199,WSS1-199.BIGMKT1.COM
172.10.1.200,WSS1-200.BIGMKT1.COM
172.10.1.201,WSS1-201.BIGMKT1.COM
172.10.1.202,WSS1-202.BIGMKT1.COM
172.10.1.203,WSS1-203.BIGMKT1.COM
172.10.1.204,WSS1-204.BIGMKT1.COM
172.10.1.205,WSS1-205.BIGMKT1.COM
172.10.1.206,WSS1-206.BIGMKT1.COM
172.10.1.207,WSS1-207.BIGMKT1.COM
172.10.1.208,WSS1-208.BIGMKT1.COM
172.10.1.209,WSS1-209.BIGMKT1.COM
172.10.1.210,WSS1-210.BIGMKT1.COM
172.10.1.211,WSS1-211.BIGMKT1.COM
172.10.1.212,WSS1-212.BIGMKT1.COM
172.10.1.213,WSS1-213.BIGMKT1.COM
172.10.1.214,WSS1-214.BIGMKT1.COM
172.10.1.215,WSS1-215.BIGMKT1.COM
172.10.1.216,WSS1-216.BIGMKT1.COM
172.10.1.217,WSS1-217.BIGMKT1.COM
172.10.1.218,WSS1-218.BIGMKT1.COM
172.10.1.219,WSS1-219.BIGMKT1.COM
172.10.1.220,WSS1-220.BIGMKT1.COM
172.10.1.221,WSS1-221.BIGMKT1.COM
172.10.1.222,WSS1-222.BIGMKT1.COM
172.10.1.223,WSS1-223.BIGMKT1.COM
172.10.1.224,WSS1-224.BIGMKT1.COM
172.10.1.225,WSS1-225.BIGMKT1.COM
172.10.1.226,WSS1-226.BIGMKT1.COM
172.10.1.227,WSS1-227.BIGMKT1.COM
172.10.1.228,WSS1-228.BIGMKT1.COM
172.10.1.229,WSS1-229.BIGMKT1.COM
172.10.1.230,WSS1-230.BIGMKT1.COM
172.10.1.231,WSS1-231.BIGMKT1.COM
172.10.1.232,WSS1-232.BIGMKT1.COM
172.10.1.233,WSS1-233.BIGMKT1.COM
172.10.1.234,WSS1-234.BIGMKT1.COM
172.10.1.235,WSS1-235.BIGMKT1.COM
172.10.1.236,WSS1-236.BIGMKT1.COM
172.10.1.237,WSS1-237.BIGMKT1.COM
172.10.1.238,WSS1-238.BIGMKT1.COM
172.10.1.239,WSS1-239.BIGMKT1.COM
172.10.1.240,WSS1-240.BIGMKT1.COM
172.10.1.241,WSS1-241.BIGMKT1.COM
172.10.1.242,WSS1-242.BIGMKT1.COM
172.10.1.243,WSS1-243.BIGMKT1.COM
172.10.1.244,WSS1-244.BIGMKT1.COM
172.10.1.245,WSS1-245.BIGMKT1.COM
172.10.1.246,WSS1-246.BIGMKT1.COM
172.10.1.247,WSS1-247.BIGMKT1.COM
172.10.1.248,WSS1-248.BIGMKT1.COM
172.10.1.249,WSS1-249.BIGMKT1.COM
172.10.1.250,WSS1-250.BIGMKT1.COM
172.10.1.251,WSS1-251.BIGMKT1.COM
172.10.1.252,WSS1-252.BIGMKT1.COM
172.10.1.253,WSS1-253.BIGMKT1.COM
172.10.1.254,WSS1-254.BIGMKT1.COM
172.10.2.1,WSS1-255.BIGMKT1.COM
172.10.2.2,WSS1-256.BIGMKT1.COM
172.10.2.3,WSS1-257.BIGMKT1.COM
172.10.2.4,WSS1-258.BIGMKT1.COM
172.10.2.5,WSS1-259.BIGMKT1.COM
172.10.2.6,WSS1-260.BIGMKT1.COM
172.10.2.7,WSS1-261.BIGMKT1.COM
172.10.2.8,WSS1-262.BIGMKT1.COM
172.10.2.9,WSS1-263.BIGMKT1.COM
172.10.2.10,WSS1-264.BIGMKT1.COM
172.10.2.11,WSS1-265.BIGMKT1.COM
172.10.2.12,WSS1-266.BIGMKT1.COM
172.10.2.13,WSS1-267.BIGMKT1.COM
172.10.2.14,WSS1-268.BIGMKT1.COM
172.10.2.16,WSS1-269.BIGMKT1.COM
172.10.2.17,WSS1-270.BIGMKT1.COM
172.10.2.18,WSS1-271.BIGMKT1.COM
172.10.2.19,WSS1-272.BIGMKT1.COM
172.10.2.20,WSS1-273.BIGMKT1.COM
172.10.2.21,WSS1-274.BIGMKT1.COM
172.10.2.22,WSS1-275.BIGMKT1.COM
172.10.2.23,WSS1-276.BIGMKT1.COM
172.10.2.24,WSS1-277.BIGMKT1.COM
172.10.2.25,WSS1-278.BIGMKT1.COM
172.10.2.26,WSS1-279.BIGMKT1.COM
172.10.2.27,WSS1-280.BIGMKT1.COM
172.10.2.28,WSS1-281.BIGMKT1.COM
172.10.2.29,WSS1-282.BIGMKT1.COM
172.10.2.30,WSS1-283.BIGMKT1.COM
172.10.2.31,WSS1-284.BIGMKT1.COM
172.10.2.32,WSS1-285.BIGMKT1.COM
172.10.2.33,WSS1-286.BIGMKT1.COM
172.10.2.34,WSS1-287.BIGMKT1.COM
172.10.2.35,WSS1-288.BIGMKT1.COM
172.10.2.36,WSS1-289.BIGMKT1.COM
172.10.2.37,WSS1-290.BIGMKT1.COM
172.10.2.38,WSS1-291.BIGMKT1.COM
172.10.2.39,WSS1-292.BIGMKT1.COM
172.10.2.40,WSS1-293.BIGMKT1.COM
172.10.2.41,WSS1-294.BIGMKT1.COM
172.10.2.42,WSS1-295.BIGMKT1.COM
172.10.2.43,WSS1-296.BIGMKT1.COM
172.10.2.44,WSS1-297.BIGMKT1.COM
172.10.2.45,WSS1-298.BIGMKT1.COM
172.10.2.46,WSS1-299.BIGMKT1.COM
172.10.2.47,WSS1-300.BIGMKT1.COM
172.10.2.48,WSS1-301.BIGMKT1.COM
172.10.2.49,WSS1-302.BIGMKT1.COM
172.10.2.50,WSS1-303.BIGMKT1.COM
172.10.2.51,WSS1-304.BIGMKT1.COM
172.10.2.52,WSS1-305.BIGMKT1.COM
172.10.2.53,WSS1-306.BIGMKT1.COM
172.10.2.54,WSS1-307.BIGMKT1.COM
172.10.2.55,WSS1-308.BIGMKT1.COM
172.10.2.56,WSS1-309.BIGMKT1.COM
172.10.2.57,WSS1-310.BIGMKT1.COM
172.10.2.58,WSS1-311.BIGMKT1.COM
172.10.2.59,WSS1-312.BIGMKT1.COM
172.10.2.60,WSS1-313.BIGMKT1.COM
172.10.2.61,WSS1-314.BIGMKT1.COM
172.10.2.62,WSS1-315.BIGMKT1.COM
172.10.2.63,WSS1-316.BIGMKT1.COM
172.10.2.64,WSS1-317.BIGMKT1.COM
172.10.2.65,WSS1-318.BIGMKT1.COM
172.10.2.66,WSS1-319.BIGMKT1.COM
172.10.2.67,WSS1-320.BIGMKT1.COM
172.10.2.68,WSS1-321.BIGMKT1.COM
172.10.2.69,WSS1-322.BIGMKT1.COM
172.10.2.70,WSS1-323.BIGMKT1.COM
172.10.2.71,WSS1-324.BIGMKT1.COM
172.10.2.72,WSS1-325.BIGMKT1.COM
172.10.2.73,WSS1-326.BIGMKT1.COM
172.10.2.74,WSS1-327.BIGMKT1.COM
172.10.2.75,WSS1-328.BIGMKT1.COM
172.10.2.76,WSS1-329.BIGMKT1.COM
172.10.2.77,WSS1-330.BIGMKT1.COM
172.10.2.78,WSS1-331.BIGMKT1.COM
172.10.2.79,WSS1-332.BIGMKT1.COM
172.10.2.80,WSS1-333.BIGMKT1.COM
172.10.2.81,WSS1-334.BIGMKT1.COM
172.10.2.82,WSS1-335.BIGMKT1.COM
172.10.2.83,WSS1-336.BIGMKT1.COM
172.10.2.84,WSS1-337.BIGMKT1.COM
172.10.2.85,WSS1-338.BIGMKT1.COM
172.10.2.86,WSS1-339.BIGMKT1.COM
172.10.2.87,WSS1-340.BIGMKT1.COM
172.10.2.88,WSS1-341.BIGMKT1.COM
172.10.2.89,WSS1-342.BIGMKT1.COM
172.10.2.90,WSS1-343.BIGMKT1.COM
172.10.2.91,WSS1-344.BIGMKT1.COM
172.10.2.92,WSS1-345.BIGMKT1.COM
172.10.2.93,WSS1-346.BIGMKT1.COM
172.10.2.94,WSS1-347.BIGMKT1.COM
172.10.2.95,WSS1-348.BIGMKT1.COM
172.10.2.96,WSS1-349.BIGMKT1.COM
172.10.2.97,WSS1-350.BIGMKT1.COM
172.10.2.98,WSS1-351.BIGMKT1.COM
172.10.2.99,WSS1-352.BIGMKT1.COM
172.10.2.100,WSS1-353.BIGMKT1.COM
172.10.2.101,WSS1-354.BIGMKT1.COM
172.10.2.102,WSS1-355.BIGMKT1.COM
172.10.2.103,WSS1-356.BIGMKT1.COM
172.10.2.104,WSS1-357.BIGMKT1.COM
172.10.2.105,WSS1-358.BIGMKT1.COM
172.10.2.106,WSS1-359.BIGMKT1.COM
172.10.2.107,WSS1-360.BIGMKT1.COM
172.10.2.108,WSS1-361.BIGMKT1.COM
172.10.2.109,WSS1-362.BIGMKT1.COM
172.10.2.110,WSS1-363.BIGMKT1.COM
172.10.2.111,WSS1-364.BIGMKT1.COM
172.10.2.112,WSS1-365.BIGMKT1.COM
172.10.2.113,WSS1-366.BIGMKT1.COM
172.10.2.114,WSS1-367.BIGMKT1.COM
172.10.2.115,WSS1-368.BIGMKT1.COM
172.10.2.116,WSS1-369.BIGMKT1.COM
172.10.2.117,WSS1-370.BIGMKT1.COM
172.10.2.118,WSS1-371.BIGMKT1.COM
172.10.2.119,WSS1-372.BIGMKT1.COM
172.10.2.120,WSS1-373.BIGMKT1.COM
172.10.2.121,WSS1-374.BIGMKT1.COM
172.10.2.122,WSS1-375.BIGMKT1.COM
172.10.2.123,WSS1-376.BIGMKT1.COM
172.10.2.124,WSS1-377.BIGMKT1.COM
172.10.2.125,WSS1-378.BIGMKT1.COM
172.10.2.126,WSS1-379.BIGMKT1.COM
172.10.2.127,WSS1-380.BIGMKT1.COM
172.10.2.128,WSS1-381.BIGMKT1.COM
172.10.2.129,WSS1-382.BIGMKT1.COM
172.10.2.130,WSS1-383.BIGMKT1.COM
172.10.2.131,WSS1-384.BIGMKT1.COM
172.10.2.132,WSS1-385.BIGMKT1.COM
172.10.2.133,WSS1-386.BIGMKT1.COM
172.10.2.134,WSS1-387.BIGMKT1.COM
172.10.2.135,WSS1-388.BIGMKT1.COM
172.10.2.136,WSS1-389.BIGMKT1.COM
172.10.2.137,WSS1-390.BIGMKT1.COM
172.10.2.138,WSS1-391.BIGMKT1.COM
172.10.2.139,WSS1-392.BIGMKT1.COM
172.10.2.140,WSS1-393.BIGMKT1.COM
172.10.2.141,WSS1-394.BIGMKT1.COM
172.10.2.142,WSS1-395.BIGMKT1.COM
172.10.2.143,WSS1-396.BIGMKT1.COM
172.10.2.144,WSS1-397.BIGMKT1.COM
172.10.2.145,WSS1-398.BIGMKT1.COM
172.10.2.146,WSS1-399.BIGMKT1.COM
172.10.2.147,WSS1-400.BIGMKT1.COM
172.20.0.2,DC02.BIGMKT2.COM
172.20.0.3,MAIL02.BIGMKT2.COM
172.20.0.4,WEB02.BIGMKT2.COM
172.20.0.5,WEB02A.BIGMKT2.COM
172.20.0.6,WEB02B.BIGMKT2.COM
172.20.0.7,WEB02C.BIGMKT2.COM
172.20.0.8,WEB02D.BIGMKT2.COM
172.20.0.15,WEB02L.BIGMKT2.COM
172.20.1.1,WSS2-01.BIGMKT2.COM
172.20.1.2,WSS2-02.BIGMKT2.COM
172.20.1.3,WSS2-03.BIGMKT2.COM
172.20.1.4,WSS2-04.BIGMKT2.COM
172.20.1.5,WSS2-05.BIGMKT2.COM
172.20.1.6,WSS2-06.BIGMKT2.COM
172.20.1.7,WSS2-07.BIGMKT2.COM
172.20.1.8,WSS2-08.BIGMKT2.COM
172.20.1.9,WSS2-09.BIGMKT2.COM
172.20.1.10,WSS2-10.BIGMKT2.COM
172.20.1.11,WSS2-11.BIGMKT2.COM
172.20.1.12,WSS2-12.BIGMKT2.COM
172.20.1.13,WSS2-13.BIGMKT2.COM
172.20.1.14,WSS2-14.BIGMKT2.COM
172.20.1.15,WSS2-15.BIGMKT2.COM
172.20.1.16,WSS2-16.BIGMKT2.COM
172.20.1.17,WSS2-17.BIGMKT2.COM
172.20.1.18,WSS2-18.BIGMKT2.COM
172.20.1.19,WSS2-19.BIGMKT2.COM
172.20.1.20,WSS2-20.BIGMKT2.COM
172.20.1.21,WSS2-21.BIGMKT2.COM
172.20.1.22,WSS2-22.BIGMKT2.COM
172.20.1.23,WSS2-23.BIGMKT2.COM
172.20.1.24,WSS2-24.BIGMKT2.COM
172.20.1.25,WSS2-25.BIGMKT2.COM
172.20.1.26,WSS2-26.BIGMKT2.COM
172.20.1.27,WSS2-27.BIGMKT2.COM
172.20.1.28,WSS2-28.BIGMKT2.COM
172.20.1.29,WSS2-29.BIGMKT2.COM
172.20.1.30,WSS2-30.BIGMKT2.COM
172.20.1.31,WSS2-31.BIGMKT2.COM
172.20.1.32,WSS2-32.BIGMKT2.COM
172.20.1.33,WSS2-33.BIGMKT2.COM
172.20.1.34,WSS2-34.BIGMKT2.COM
172.20.1.35,WSS2-35.BIGMKT2.COM
172.20.1.36,WSS2-36.BIGMKT2.COM
172.20.1.37,WSS2-37.BIGMKT2.COM
172.20.1.38,WSS2-38.BIGMKT2.COM
172.20.1.39,WSS2-39.BIGMKT2.COM
172.20.1.40,WSS2-40.BIGMKT2.COM
172.20.1.41,WSS2-41.BIGMKT2.COM
172.20.1.42,WSS2-42.BIGMKT2.COM
172.20.1.43,WSS2-43.BIGMKT2.COM
172.20.1.44,WSS2-44.BIGMKT2.COM
172.20.1.45,WSS2-45.BIGMKT2.COM
172.20.1.46,WSS2-46.BIGMKT2.COM
172.20.1.47,WSS2-47.BIGMKT2.COM
172.20.1.48,WSS2-48.BIGMKT2.COM
172.20.1.49,WSS2-49.BIGMKT2.COM
172.20.1.50,WSS2-50.BIGMKT2.COM
172.20.1.51,WSS2-51.BIGMKT2.COM
172.20.1.52,WSS2-52.BIGMKT2.COM
172.20.1.53,WSS2-53.BIGMKT2.COM
172.20.1.54,WSS2-54.BIGMKT2.COM
172.20.1.55,WSS2-55.BIGMKT2.COM
172.20.1.56,WSS2-56.BIGMKT2.COM
172.20.1.57,WSS2-57.BIGMKT2.COM
172.20.1.58,WSS2-58.BIGMKT2.COM
172.20.1.59,WSS2-59.BIGMKT2.COM
172.20.1.60,WSS2-60.BIGMKT2.COM
172.20.1.61,WSS2-61.BIGMKT2.COM
172.20.1.62,WSS2-62.BIGMKT2.COM
172.20.1.63,WSS2-63.BIGMKT2.COM
172.20.1.64,WSS2-64.BIGMKT2.COM
172.20.1.65,WSS2-65.BIGMKT2.COM
172.20.1.66,WSS2-66.BIGMKT2.COM
172.20.1.67,WSS2-67.BIGMKT2.COM
172.20.1.68,WSS2-68.BIGMKT2.COM
172.20.1.69,WSS2-69.BIGMKT2.COM
172.20.1.70,WSS2-70.BIGMKT2.COM
172.20.1.71,WSS2-71.BIGMKT2.COM
172.20.1.72,WSS2-72.BIGMKT2.COM
172.20.1.73,WSS2-73.BIGMKT2.COM
172.20.1.74,WSS2-74.BIGMKT2.COM
172.20.1.75,WSS2-75.BIGMKT2.COM
172.20.1.76,WSS2-76.BIGMKT2.COM
172.20.1.77,WSS2-77.BIGMKT2.COM
172.20.1.78,WSS2-78.BIGMKT2.COM
172.20.1.79,WSS2-79.BIGMKT2.COM
172.20.1.80,WSS2-80.BIGMKT2.COM
172.20.1.81,WSS2-81.BIGMKT2.COM
172.20.1.82,WSS2-82.BIGMKT2.COM
172.20.1.83,WSS2-83.BIGMKT2.COM
172.20.1.84,WSS2-84.BIGMKT2.COM
172.20.1.85,WSS2-85.BIGMKT2.COM
172.20.1.86,WSS2-86.BIGMKT2.COM
172.20.1.87,WSS2-87.BIGMKT2.COM
172.20.1.88,WSS2-88.BIGMKT2.COM
172.20.1.89,WSS2-89.BIGMKT2.COM
172.20.1.90,WSS2-90.BIGMKT2.COM
172.20.1.91,WSS2-91.BIGMKT2.COM
172.20.1.92,WSS2-92.BIGMKT2.COM
172.20.1.93,WSS2-93.BIGMKT2.COM
172.20.1.94,WSS2-94.BIGMKT2.COM
172.20.1.95,WSS2-95.BIGMKT2.COM
172.20.1.96,WSS2-96.BIGMKT2.COM
172.20.1.97,WSS2-97.BIGMKT2.COM
172.20.1.98,WSS2-98.BIGMKT2.COM
172.20.1.99,WSS2-99.BIGMKT2.COM
172.20.1.100,WSS2-100.BIGMKT2.COM
172.20.1.201,WSS2-201.BIGMKT2.COM
172.20.1.202,WSS2-202.BIGMKT2.COM
172.20.1.203,WSS2-203.BIGMKT2.COM
172.20.1.204,WSS2-204.BIGMKT2.COM
172.20.1.205,WSS2-205.BIGMKT2.COM
172.20.1.206,WSS2-206.BIGMKT2.COM
172.20.1.207,WSS2-207.BIGMKT2.COM
172.20.1.208,WSS2-208.BIGMKT2.COM
172.20.1.209,WSS2-209.BIGMKT2.COM
172.20.1.210,WSS2-210.BIGMKT2.COM
172.20.1.211,WSS2-211.BIGMKT2.COM
172.20.1.212,WSS2-212.BIGMKT2.COM
172.20.1.213,WSS2-213.BIGMKT2.COM
172.20.1.214,WSS2-214.BIGMKT2.COM
172.20.1.215,WSS2-215.BIGMKT2.COM
172.20.1.216,WSS2-216.BIGMKT2.COM
172.20.1.217,WSS2-217.BIGMKT2.COM
172.20.1.218,WSS2-218.BIGMKT2.COM
172.20.1.219,WSS2-219.BIGMKT2.COM
172.20.1.220,WSS2-220.BIGMKT2.COM
172.20.1.221,WSS2-221.BIGMKT2.COM
172.20.1.222,WSS2-222.BIGMKT2.COM
172.20.1.223,WSS2-223.BIGMKT2.COM
172.20.1.224,WSS2-224.BIGMKT2.COM
172.20.1.225,WSS2-225.BIGMKT2.COM
172.20.1.226,WSS2-226.BIGMKT2.COM
172.20.1.227,WSS2-227.BIGMKT2.COM
172.20.1.228,WSS2-228.BIGMKT2.COM
172.20.1.229,WSS2-229.BIGMKT2.COM
172.20.1.230,WSS2-230.BIGMKT2.COM
172.20.1.231,WSS2-231.BIGMKT2.COM
172.20.1.232,WSS2-232.BIGMKT2.COM
172.20.1.233,WSS2-233.BIGMKT2.COM
172.20.1.234,WSS2-234.BIGMKT2.COM
172.20.1.235,WSS2-235.BIGMKT2.COM
172.20.1.236,WSS2-236.BIGMKT2.COM
172.20.1.237,WSS2-237.BIGMKT2.COM
172.20.1.238,WSS2-238.BIGMKT2.COM
172.20.1.239,WSS2-239.BIGMKT2.COM
172.20.1.240,WSS2-240.BIGMKT2.COM
172.20.1.241,WSS2-241.BIGMKT2.COM
172.20.1.242,WSS2-242.BIGMKT2.COM
172.20.1.243,WSS2-243.BIGMKT2.COM
172.20.1.244,WSS2-244.BIGMKT2.COM
172.20.1.245,WSS2-245.BIGMKT2.COM
172.20.1.246,WSS2-246.BIGMKT2.COM
172.20.1.247,WSS2-247.BIGMKT2.COM
172.20.1.248,WSS2-248.BIGMKT2.COM
172.20.1.249,WSS2-249.BIGMKT2.COM
172.20.1.250,WSS2-250.BIGMKT2.COM
172.20.1.251,WSS2-251.BIGMKT2.COM
172.20.1.252,WSS2-252.BIGMKT2.COM
172.20.1.253,WSS2-253.BIGMKT2.COM
172.20.1.254,WSS2-254.BIGMKT2.COM
172.20.2.1,WSS2-255.BIGMKT2.COM
172.20.2.2,WSS2-256.BIGMKT2.COM
172.20.2.3,WSS2-257.BIGMKT2.COM
172.20.2.4,WSS2-258.BIGMKT2.COM
172.20.2.5,WSS2-259.BIGMKT2.COM
172.20.2.6,WSS2-260.BIGMKT2.COM
172.20.2.7,WSS2-261.BIGMKT2.COM
172.20.2.8,WSS2-262.BIGMKT2.COM
172.20.2.9,WSS2-263.BIGMKT2.COM
172.20.2.10,WSS2-264.BIGMKT2.COM
172.20.2.11,WSS2-265.BIGMKT2.COM
172.20.2.12,WSS2-266.BIGMKT2.COM
172.20.2.13,WSS2-267.BIGMKT2.COM
172.20.2.14,WSS2-268.BIGMKT2.COM
172.20.2.16,WSS2-269.BIGMKT2.COM
172.20.2.17,WSS2-270.BIGMKT2.COM
172.20.2.18,WSS2-271.BIGMKT2.COM
172.20.2.19,WSS2-272.BIGMKT2.COM
172.20.2.20,WSS2-273.BIGMKT2.COM
172.20.2.21,WSS2-274.BIGMKT2.COM
172.20.2.22,WSS2-275.BIGMKT2.COM
172.20.2.23,WSS2-276.BIGMKT2.COM
172.20.2.24,WSS2-277.BIGMKT2.COM
172.20.2.25,WSS2-278.BIGMKT2.COM
172.20.2.26,WSS2-279.BIGMKT2.COM
172.20.2.27,WSS2-280.BIGMKT2.COM
172.20.2.28,WSS2-281.BIGMKT2.COM
172.20.2.29,WSS2-282.BIGMKT2.COM
172.20.2.30,WSS2-283.BIGMKT2.COM
172.20.2.31,WSS2-284.BIGMKT2.COM
172.20.2.32,WSS2-285.BIGMKT2.COM
172.20.2.33,WSS2-286.BIGMKT2.COM
172.20.2.34,WSS2-287.BIGMKT2.COM
172.20.2.35,WSS2-288.BIGMKT2.COM
172.20.2.36,WSS2-289.BIGMKT2.COM
172.20.2.37,WSS2-290.BIGMKT2.COM
172.20.2.38,WSS2-291.BIGMKT2.COM
172.20.2.39,WSS2-292.BIGMKT2.COM
172.20.2.40,WSS2-293.BIGMKT2.COM
172.20.2.41,WSS2-294.BIGMKT2.COM
172.20.2.42,WSS2-295.BIGMKT2.COM
172.20.2.43,WSS2-296.BIGMKT2.COM
172.20.2.44,WSS2-297.BIGMKT2.COM
172.20.2.45,WSS2-298.BIGMKT2.COM
172.20.2.46,WSS2-299.BIGMKT2.COM
172.20.2.47,WSS2-300.BIGMKT2.COM
172.20.2.48,WSS2-301.BIGMKT2.COM
172.20.2.49,WSS2-302.BIGMKT2.COM
172.20.2.50,WSS2-303.BIGMKT2.COM
172.20.2.51,WSS2-304.BIGMKT2.COM
172.20.2.52,WSS2-305.BIGMKT2.COM
172.20.2.53,WSS2-306.BIGMKT2.COM
172.20.2.54,WSS2-307.BIGMKT2.COM
172.20.2.55,WSS2-308.BIGMKT2.COM
172.20.2.56,WSS2-309.BIGMKT2.COM
172.20.2.57,WSS2-310.BIGMKT2.COM
172.20.2.58,WSS2-311.BIGMKT2.COM
172.20.2.59,WSS2-312.BIGMKT2.COM
172.20.2.60,WSS2-313.BIGMKT2.COM
172.20.2.61,WSS2-314.BIGMKT2.COM
172.20.2.62,WSS2-315.BIGMKT2.COM
172.20.2.63,WSS2-316.BIGMKT2.COM
172.20.2.64,WSS2-317.BIGMKT2.COM
172.20.2.65,WSS2-318.BIGMKT2.COM
172.20.2.66,WSS2-319.BIGMKT2.COM
172.20.2.67,WSS2-320.BIGMKT2.COM
172.20.2.68,WSS2-321.BIGMKT2.COM
172.20.2.69,WSS2-322.BIGMKT2.COM
172.20.2.70,WSS2-323.BIGMKT2.COM
172.20.2.71,WSS2-324.BIGMKT2.COM
172.20.2.72,WSS2-325.BIGMKT2.COM
172.20.2.73,WSS2-326.BIGMKT2.COM
172.20.2.74,WSS2-327.BIGMKT2.COM
172.20.2.75,WSS2-328.BIGMKT2.COM
172.20.2.76,WSS2-329.BIGMKT2.COM
172.20.2.77,WSS2-330.BIGMKT2.COM
172.20.2.78,WSS2-331.BIGMKT2.COM
172.20.2.79,WSS2-332.BIGMKT2.COM
172.20.2.80,WSS2-333.BIGMKT2.COM
172.20.2.81,WSS2-334.BIGMKT2.COM
172.20.2.82,WSS2-335.BIGMKT2.COM
172.20.2.83,WSS2-336.BIGMKT2.COM
172.20.2.84,WSS2-337.BIGMKT2.COM
172.20.2.85,WSS2-338.BIGMKT2.COM
172.20.2.86,WSS2-339.BIGMKT2.COM
172.20.2.87,WSS2-340.BIGMKT2.COM
172.20.2.88,WSS2-341.BIGMKT2.COM
172.20.2.89,WSS2-342.BIGMKT2.COM
172.20.2.90,WSS2-343.BIGMKT2.COM
172.20.2.91,WSS2-344.BIGMKT2.COM
172.20.2.92,WSS2-345.BIGMKT2.COM
172.20.2.93,WSS2-346.BIGMKT2.COM
172.20.2.94,WSS2-347.BIGMKT2.COM
172.20.2.95,WSS2-348.BIGMKT2.COM
172.20.2.96,WSS2-349.BIGMKT2.COM
172.20.2.97,WSS2-350.BIGMKT2.COM
172.20.2.98,WSS2-351.BIGMKT2.COM
172.20.2.99,WSS2-352.BIGMKT2.COM
172.20.2.100,WSS2-353.BIGMKT2.COM
172.20.2.101,WSS2-354.BIGMKT2.COM
172.20.2.102,WSS2-355.BIGMKT2.COM
172.20.2.103,WSS2-356.BIGMKT2.COM
172.20.2.104,WSS2-357.BIGMKT2.COM
172.20.2.105,WSS2-358.BIGMKT2.COM
172.20.2.106,WSS2-359.BIGMKT2.COM
172.20.2.107,WSS2-360.BIGMKT2.COM
172.20.2.108,WSS2-361.BIGMKT2.COM
172.20.2.109,WSS2-362.BIGMKT2.COM
172.20.2.110,WSS2-363.BIGMKT2.COM
172.20.2.111,WSS2-364.BIGMKT2.COM
172.20.2.112,WSS2-365.BIGMKT2.COM
172.20.2.113,WSS2-366.BIGMKT2.COM
172.20.2.114,WSS2-367.BIGMKT2.COM
172.20.2.115,WSS2-368.BIGMKT2.COM
172.20.2.116,WSS2-369.BIGMKT2.COM
172.20.2.117,WSS2-370.BIGMKT2.COM
172.20.2.118,WSS2-371.BIGMKT2.COM
172.20.2.119,WSS2-372.BIGMKT2.COM
172.20.2.120,WSS2-373.BIGMKT2.COM
172.20.2.121,WSS2-374.BIGMKT2.COM
172.20.2.122,WSS2-375.BIGMKT2.COM
172.20.2.123,WSS2-376.BIGMKT2.COM
172.20.2.124,WSS2-377.BIGMKT2.COM
172.20.2.125,WSS2-378.BIGMKT2.COM
172.20.2.126,WSS2-379.BIGMKT2.COM
172.20.2.127,WSS2-380.BIGMKT2.COM
172.20.2.128,WSS2-381.BIGMKT2.COM
172.20.2.129,WSS2-382.BIGMKT2.COM
172.20.2.130,WSS2-383.BIGMKT2.COM
172.20.2.131,WSS2-384.BIGMKT2.COM
172.20.2.132,WSS2-385.BIGMKT2.COM
172.20.2.133,WSS2-386.BIGMKT2.COM
172.20.2.134,WSS2-387.BIGMKT2.COM
172.20.2.135,WSS2-388.BIGMKT2.COM
172.20.2.136,WSS2-389.BIGMKT2.COM
172.20.2.137,WSS2-390.BIGMKT2.COM
172.20.2.138,WSS2-391.BIGMKT2.COM
172.20.2.139,WSS2-392.BIGMKT2.COM
172.20.2.140,WSS2-393.BIGMKT2.COM
172.20.2.141,WSS2-394.BIGMKT2.COM
172.20.2.142,WSS2-395.BIGMKT2.COM
172.20.2.143,WSS2-396.BIGMKT2.COM
172.20.2.144,WSS2-397.BIGMKT2.COM
172.20.2.145,WSS2-398.BIGMKT2.COM
172.20.2.146,WSS2-399.BIGMKT2.COM
172.20.2.147,WSS2-400.BIGMKT2.COM
172.30.0.2,DC03.BIGMKT3.COM
172.30.0.3,MAIL03.BIGMKT3.COM
172.30.0.4,WEB03.BIGMKT3.COM
172.30.0.5,WEB03A.BIGMKT3.COM
172.30.0.6,WEB03B.BIGMKT3.COM
172.30.0.7,WEB03C.BIGMKT3.COM
172.30.0.8,WEB03D.BIGMKT3.COM
172.30.1.1,WSS3-01.BIGMKT3.COM
172.30.1.2,WSS3-02.BIGMKT3.COM
172.30.1.3,WSS3-03.BIGMKT3.COM
172.30.1.4,WSS3-04.BIGMKT3.COM
172.30.1.5,WSS3-05.BIGMKT3.COM
172.30.1.6,WSS3-06.BIGMKT3.COM
172.30.1.7,WSS3-07.BIGMKT3.COM
172.30.1.8,WSS3-08.BIGMKT3.COM
172.30.1.9,WSS3-09.BIGMKT3.COM
172.30.1.10,WSS3-10.BIGMKT3.COM
172.30.1.11,WSS3-11.BIGMKT3.COM
172.30.1.12,WSS3-12.BIGMKT3.COM
172.30.1.13,WSS3-13.BIGMKT3.COM
172.30.1.14,WSS3-14.BIGMKT3.COM
172.30.1.15,WSS3-15.BIGMKT3.COM
172.30.1.16,WSS3-16.BIGMKT3.COM
172.30.1.17,WSS3-17.BIGMKT3.COM
172.30.1.18,WSS3-18.BIGMKT3.COM
172.30.1.19,WSS3-19.BIGMKT3.COM
172.30.1.20,WSS3-20.BIGMKT3.COM
172.30.1.21,WSS3-21.BIGMKT3.COM
172.30.1.22,WSS3-22.BIGMKT3.COM
172.30.1.23,WSS3-23.BIGMKT3.COM
172.30.1.24,WSS3-24.BIGMKT3.COM
172.30.1.25,WSS3-25.BIGMKT3.COM
172.30.1.26,WSS3-26.BIGMKT3.COM
172.30.1.27,WSS3-27.BIGMKT3.COM
172.30.1.28,WSS3-28.BIGMKT3.COM
172.30.1.29,WSS3-29.BIGMKT3.COM
172.30.1.30,WSS3-30.BIGMKT3.COM
172.30.1.31,WSS3-31.BIGMKT3.COM
172.30.1.32,WSS3-32.BIGMKT3.COM
172.30.1.33,WSS3-33.BIGMKT3.COM
172.30.1.34,WSS3-34.BIGMKT3.COM
172.30.1.35,WSS3-35.BIGMKT3.COM
172.30.1.36,WSS3-36.BIGMKT3.COM
172.30.1.37,WSS3-37.BIGMKT3.COM
172.30.1.38,WSS3-38.BIGMKT3.COM
172.30.1.39,WSS3-39.BIGMKT3.COM
172.30.1.40,WSS3-40.BIGMKT3.COM
172.30.1.41,WSS3-41.BIGMKT3.COM
172.30.1.42,WSS3-42.BIGMKT3.COM
172.30.1.43,WSS3-43.BIGMKT3.COM
172.30.1.44,WSS3-44.BIGMKT3.COM
172.30.1.45,WSS3-45.BIGMKT3.COM
172.30.1.46,WSS3-46.BIGMKT3.COM
172.30.1.47,WSS3-47.BIGMKT3.COM
172.30.1.48,WSS3-48.BIGMKT3.COM
172.30.1.49,WSS3-49.BIGMKT3.COM
172.30.1.50,WSS3-50.BIGMKT3.COM
172.30.1.51,WSS3-51.BIGMKT3.COM
172.30.1.52,WSS3-52.BIGMKT3.COM
172.30.1.53,WSS3-53.BIGMKT3.COM
172.30.1.54,WSS3-54.BIGMKT3.COM
172.30.1.55,WSS3-55.BIGMKT3.COM
172.30.1.56,WSS3-56.BIGMKT3.COM
172.30.1.57,WSS3-57.BIGMKT3.COM
172.30.1.58,WSS3-58.BIGMKT3.COM
172.30.1.59,WSS3-59.BIGMKT3.COM
172.30.1.60,WSS3-60.BIGMKT3.COM
172.30.1.61,WSS3-61.BIGMKT3.COM
172.30.1.62,WSS3-62.BIGMKT3.COM
172.30.1.63,WSS3-63.BIGMKT3.COM
172.30.1.64,WSS3-64.BIGMKT3.COM
172.30.1.65,WSS3-65.BIGMKT3.COM
172.30.1.66,WSS3-66.BIGMKT3.COM
172.30.1.67,WSS3-67.BIGMKT3.COM
172.30.1.68,WSS3-68.BIGMKT3.COM
172.30.1.69,WSS3-69.BIGMKT3.COM
172.30.1.70,WSS3-70.BIGMKT3.COM
172.30.1.71,WSS3-71.BIGMKT3.COM
172.30.1.72,WSS3-72.BIGMKT3.COM
172.30.1.73,WSS3-73.BIGMKT3.COM
172.30.1.74,WSS3-74.BIGMKT3.COM
172.30.1.75,WSS3-75.BIGMKT3.COM
172.30.1.76,WSS3-76.BIGMKT3.COM
172.30.1.77,WSS3-77.BIGMKT3.COM
172.30.1.78,WSS3-78.BIGMKT3.COM
172.30.1.79,WSS3-79.BIGMKT3.COM
172.30.1.80,WSS3-80.BIGMKT3.COM
172.30.1.81,WSS3-81.BIGMKT3.COM
172.30.1.82,WSS3-82.BIGMKT3.COM
172.30.1.83,WSS3-83.BIGMKT3.COM
172.30.1.84,WSS3-84.BIGMKT3.COM
172.30.1.85,WSS3-85.BIGMKT3.COM
172.30.1.86,WSS3-86.BIGMKT3.COM
172.30.1.87,WSS3-87.BIGMKT3.COM
172.30.1.88,WSS3-88.BIGMKT3.COM
172.30.1.89,WSS3-89.BIGMKT3.COM
172.30.1.90,WSS3-90.BIGMKT3.COM
172.30.1.91,WSS3-91.BIGMKT3.COM
172.30.1.92,WSS3-92.BIGMKT3.COM
172.30.1.93,WSS3-93.BIGMKT3.COM
172.30.1.94,WSS3-94.BIGMKT3.COM
172.30.1.95,WSS3-95.BIGMKT3.COM
172.30.1.96,WSS3-96.BIGMKT3.COM
172.30.1.97,WSS3-97.BIGMKT3.COM
172.30.1.98,WSS3-98.BIGMKT3.COM
172.30.1.99,WSS3-99.BIGMKT3.COM
172.30.1.100,WSS3-100.BIGMKT3.COM
172.30.1.101,WSS3-101.BIGMKT3.COM
172.30.1.102,WSS3-102.BIGMKT3.COM
172.30.1.103,WSS3-103.BIGMKT3.COM
172.30.1.104,WSS3-104.BIGMKT3.COM
172.30.1.105,WSS3-105.BIGMKT3.COM
172.30.1.106,WSS3-106.BIGMKT3.COM
172.30.1.107,WSS3-107.BIGMKT3.COM
172.30.1.108,WSS3-108.BIGMKT3.COM
172.30.1.109,WSS3-109.BIGMKT3.COM
172.30.1.110,WSS3-110.BIGMKT3.COM
172.30.1.111,WSS3-111.BIGMKT3.COM
172.30.1.112,WSS3-112.BIGMKT3.COM
172.30.1.113,WSS3-113.BIGMKT3.COM
172.30.1.114,WSS3-114.BIGMKT3.COM
172.30.1.115,WSS3-115.BIGMKT3.COM
172.30.1.116,WSS3-116.BIGMKT3.COM
172.30.1.117,WSS3-117.BIGMKT3.COM
172.30.1.118,WSS3-118.BIGMKT3.COM
172.30.1.119,WSS3-119.BIGMKT3.COM
172.30.1.120,WSS3-120.BIGMKT3.COM
172.30.1.121,WSS3-121.BIGMKT3.COM
172.30.1.122,WSS3-122.BIGMKT3.COM
172.30.1.123,WSS3-123.BIGMKT3.COM
172.30.1.124,WSS3-124.BIGMKT3.COM
172.30.1.125,WSS3-125.BIGMKT3.COM
172.30.1.126,WSS3-126.BIGMKT3.COM
172.30.1.127,WSS3-127.BIGMKT3.COM
172.30.1.128,WSS3-128.BIGMKT3.COM
172.30.1.129,WSS3-129.BIGMKT3.COM
172.30.1.130,WSS3-130.BIGMKT3.COM
172.30.1.131,WSS3-131.BIGMKT3.COM
172.30.1.132,WSS3-132.BIGMKT3.COM
172.30.1.133,WSS3-133.BIGMKT3.COM
172.30.1.134,WSS3-134.BIGMKT3.COM
172.30.1.135,WSS3-135.BIGMKT3.COM
172.30.1.136,WSS3-136.BIGMKT3.COM
172.30.1.137,WSS3-137.BIGMKT3.COM
172.30.1.138,WSS3-138.BIGMKT3.COM
172.30.1.139,WSS3-139.BIGMKT3.COM
172.30.1.140,WSS3-140.BIGMKT3.COM
172.30.1.141,WSS3-141.BIGMKT3.COM
172.30.1.142,WSS3-142.BIGMKT3.COM
172.30.1.143,WSS3-143.BIGMKT3.COM
172.30.1.144,WSS3-144.BIGMKT3.COM
172.30.1.145,WSS3-145.BIGMKT3.COM
172.30.1.146,WSS3-146.BIGMKT3.COM
172.30.1.147,WSS3-147.BIGMKT3.COM
172.30.1.148,WSS3-148.BIGMKT3.COM
172.30.1.149,WSS3-149.BIGMKT3.COM
172.30.1.150,WSS3-150.BIGMKT3.COM
172.30.1.151,WSS3-151.BIGMKT3.COM
172.30.1.152,WSS3-152.BIGMKT3.COM
172.30.1.153,WSS3-153.BIGMKT3.COM
172.30.1.154,WSS3-154.BIGMKT3.COM
172.30.1.155,WSS3-155.BIGMKT3.COM
172.30.1.156,WSS3-156.BIGMKT3.COM
172.30.1.157,WSS3-157.BIGMKT3.COM
172.30.1.158,WSS3-158.BIGMKT3.COM
172.30.1.159,WSS3-159.BIGMKT3.COM
172.30.1.160,WSS3-160.BIGMKT3.COM
172.30.1.161,WSS3-161.BIGMKT3.COM
172.30.1.162,WSS3-162.BIGMKT3.COM
172.30.1.163,WSS3-163.BIGMKT3.COM
172.30.1.164,WSS3-164.BIGMKT3.COM
172.30.1.165,WSS3-165.BIGMKT3.COM
172.30.1.166,WSS3-166.BIGMKT3.COM
172.30.1.167,WSS3-167.BIGMKT3.COM
172.30.1.168,WSS3-168.BIGMKT3.COM
172.30.1.169,WSS3-169.BIGMKT3.COM
172.30.1.170,WSS3-170.BIGMKT3.COM
172.30.1.171,WSS3-171.BIGMKT3.COM
172.30.1.172,WSS3-172.BIGMKT3.COM
172.30.1.173,WSS3-173.BIGMKT3.COM
172.30.1.174,WSS3-174.BIGMKT3.COM
172.30.1.175,WSS3-175.BIGMKT3.COM
172.30.1.176,WSS3-176.BIGMKT3.COM
172.30.1.177,WSS3-177.BIGMKT3.COM
172.30.1.178,WSS3-178.BIGMKT3.COM
172.30.1.179,WSS3-179.BIGMKT3.COM
172.30.1.180,WSS3-180.BIGMKT3.COM
172.30.1.181,WSS3-181.BIGMKT3.COM
172.30.1.182,WSS3-182.BIGMKT3.COM
172.30.1.183,WSS3-183.BIGMKT3.COM
172.30.1.184,WSS3-184.BIGMKT3.COM
172.30.1.185,WSS3-185.BIGMKT3.COM
172.30.1.186,WSS3-186.BIGMKT3.COM
172.30.1.187,WSS3-187.BIGMKT3.COM
172.30.1.188,WSS3-188.BIGMKT3.COM
172.30.1.189,WSS3-189.BIGMKT3.COM
172.30.1.190,WSS3-190.BIGMKT3.COM
172.30.1.191,WSS3-191.BIGMKT3.COM
172.30.1.192,WSS3-192.BIGMKT3.COM
172.30.1.193,WSS3-193.BIGMKT3.COM
172.30.1.194,WSS3-194.BIGMKT3.COM
172.30.1.195,WSS3-195.BIGMKT3.COM
172.30.1.196,WSS3-196.BIGMKT3.COM
172.30.1.197,WSS3-197.BIGMKT3.COM
172.30.1.198,WSS3-198.BIGMKT3.COM
172.30.1.199,WSS3-199.BIGMKT3.COM
172.30.1.200,WSS3-200.BIGMKT3.COM
172.30.1.201,WSS3-201.BIGMKT3.COM
172.30.1.202,WSS3-202.BIGMKT3.COM
172.30.1.203,WSS3-203.BIGMKT3.COM
172.30.1.204,WSS3-204.BIGMKT3.COM
172.30.1.205,WSS3-205.BIGMKT3.COM
172.30.1.206,WSS3-206.BIGMKT3.COM
172.30.1.207,WSS3-207.BIGMKT3.COM
172.30.1.208,WSS3-208.BIGMKT3.COM
172.30.1.209,WSS3-209.BIGMKT3.COM
172.30.1.210,WSS3-210.BIGMKT3.COM
172.30.1.211,WSS3-211.BIGMKT3.COM
172.30.1.212,WSS3-212.BIGMKT3.COM
172.30.1.213,WSS3-213.BIGMKT3.COM
172.30.1.214,WSS3-214.BIGMKT3.COM
172.30.1.215,WSS3-215.BIGMKT3.COM
172.30.1.216,WSS3-216.BIGMKT3.COM
172.30.1.217,WSS3-217.BIGMKT3.COM
172.30.1.218,WSS3-218.BIGMKT3.COM
172.30.1.219,WSS3-219.BIGMKT3.COM
172.30.1.220,WSS3-220.BIGMKT3.COM
172.30.1.221,WSS3-221.BIGMKT3.COM
172.30.1.222,WSS3-222.BIGMKT3.COM
172.30.1.223,WSS3-223.BIGMKT3.COM
172.30.1.224,WSS3-224.BIGMKT3.COM
172.30.1.225,WSS3-225.BIGMKT3.COM
172.30.1.226,WSS3-226.BIGMKT3.COM
172.30.1.227,WSS3-227.BIGMKT3.COM
172.30.1.228,WSS3-228.BIGMKT3.COM
172.30.1.229,WSS3-229.BIGMKT3.COM
172.30.1.230,WSS3-230.BIGMKT3.COM
172.30.1.231,WSS3-231.BIGMKT3.COM
172.30.1.232,WSS3-232.BIGMKT3.COM
172.30.1.233,WSS3-233.BIGMKT3.COM
172.30.1.234,WSS3-234.BIGMKT3.COM
172.30.1.235,WSS3-235.BIGMKT3.COM
172.30.1.236,WSS3-236.BIGMKT3.COM
172.30.1.237,WSS3-237.BIGMKT3.COM
172.30.1.238,WSS3-238.BIGMKT3.COM
172.30.1.239,WSS3-239.BIGMKT3.COM
172.30.1.240,WSS3-240.BIGMKT3.COM
172.30.1.241,WSS3-241.BIGMKT3.COM
172.30.1.242,WSS3-242.BIGMKT3.COM
172.30.1.243,WSS3-243.BIGMKT3.COM
172.30.1.244,WSS3-244.BIGMKT3.COM
172.30.1.245,WSS3-245.BIGMKT3.COM
172.30.1.246,WSS3-246.BIGMKT3.COM
172.30.1.247,WSS3-247.BIGMKT3.COM
172.30.1.248,WSS3-248.BIGMKT3.COM
172.30.1.249,WSS3-249.BIGMKT3.COM
172.30.1.250,WSS3-250.BIGMKT3.COM
172.30.1.251,WSS3-251.BIGMKT3.COM
172.30.1.252,WSS3-252.BIGMKT3.COM
172.30.1.253,WSS3-253.BIGMKT3.COM
172.30.1.254,WSS3-254.BIGMKT3.COM
172.30.2.1,WSS3-255.BIGMKT3.COM
172.30.2.2,WSS3-256.BIGMKT3.COM
172.30.2.3,WSS3-257.BIGMKT3.COM
172.30.2.4,WSS3-258.BIGMKT3.COM
172.30.2.5,WSS3-259.BIGMKT3.COM
172.30.2.6,WSS3-260.BIGMKT3.COM
172.30.2.7,WSS3-261.BIGMKT3.COM
172.30.2.8,WSS3-262.BIGMKT3.COM
172.30.2.9,WSS3-263.BIGMKT3.COM
172.30.2.10,WSS3-264.BIGMKT3.COM
172.30.2.11,WSS3-265.BIGMKT3.COM
172.30.2.12,WSS3-266.BIGMKT3.COM
172.30.2.13,WSS3-267.BIGMKT3.COM
172.30.2.14,WSS3-268.BIGMKT3.COM
172.30.2.16,WSS3-269.BIGMKT3.COM
172.30.2.17,WSS3-270.BIGMKT3.COM
172.30.2.18,WSS3-271.BIGMKT3.COM
172.30.2.19,WSS3-272.BIGMKT3.COM
172.30.2.20,WSS3-273.BIGMKT3.COM
172.30.2.21,WSS3-274.BIGMKT3.COM
172.30.2.22,WSS3-275.BIGMKT3.COM
172.30.2.23,WSS3-276.BIGMKT3.COM
172.30.2.24,WSS3-277.BIGMKT3.COM
172.30.2.25,WSS3-278.BIGMKT3.COM
172.30.2.26,WSS3-279.BIGMKT3.COM
172.30.2.27,WSS3-280.BIGMKT3.COM
172.30.2.28,WSS3-281.BIGMKT3.COM
172.30.2.29,WSS3-282.BIGMKT3.COM
172.30.2.30,WSS3-283.BIGMKT3.COM
172.30.2.31,WSS3-284.BIGMKT3.COM
172.30.2.32,WSS3-285.BIGMKT3.COM
172.30.2.33,WSS3-286.BIGMKT3.COM
172.30.2.34,WSS3-287.BIGMKT3.COM
172.30.2.35,WSS3-288.BIGMKT3.COM
172.30.2.36,WSS3-289.BIGMKT3.COM
172.30.2.37,WSS3-290.BIGMKT3.COM
172.30.2.38,WSS3-291.BIGMKT3.COM
172.30.2.39,WSS3-292.BIGMKT3.COM
172.30.2.40,WSS3-293.BIGMKT3.COM
172.30.2.41,WSS3-294.BIGMKT3.COM
172.30.2.42,WSS3-295.BIGMKT3.COM
172.30.2.43,WSS3-296.BIGMKT3.COM
172.30.2.44,WSS3-297.BIGMKT3.COM
172.30.2.45,WSS3-298.BIGMKT3.COM
172.30.2.46,WSS3-299.BIGMKT3.COM
172.30.2.47,WSS3-300.BIGMKT3.COM
172.30.2.48,WSS3-301.BIGMKT3.COM
172.30.2.49,WSS3-302.BIGMKT3.COM
172.30.2.50,WSS3-303.BIGMKT3.COM
172.30.2.51,WSS3-304.BIGMKT3.COM
172.30.2.52,WSS3-305.BIGMKT3.COM
172.30.2.53,WSS3-306.BIGMKT3.COM
172.30.2.54,WSS3-307.BIGMKT3.COM
172.30.2.55,WSS3-308.BIGMKT3.COM
172.30.2.56,WSS3-309.BIGMKT3.COM
172.30.2.57,WSS3-310.BIGMKT3.COM
172.30.2.58,WSS3-311.BIGMKT3.COM
172.30.2.59,WSS3-312.BIGMKT3.COM
172.30.2.60,WSS3-313.BIGMKT3.COM
172.30.2.61,WSS3-314.BIGMKT3.COM
172.30.2.62,WSS3-315.BIGMKT3.COM
172.30.2.63,WSS3-316.BIGMKT3.COM
172.30.2.64,WSS3-317.BIGMKT3.COM
172.30.2.65,WSS3-318.BIGMKT3.COM
172.30.2.66,WSS3-319.BIGMKT3.COM
172.30.2.67,WSS3-320.BIGMKT3.COM
172.30.2.68,WSS3-321.BIGMKT3.COM
172.30.2.69,WSS3-322.BIGMKT3.COM
172.30.2.70,WSS3-323.BIGMKT3.COM
172.30.2.71,WSS3-324.BIGMKT3.COM
172.30.2.72,WSS3-325.BIGMKT3.COM
172.30.2.73,WSS3-326.BIGMKT3.COM
172.30.2.74,WSS3-327.BIGMKT3.COM
172.30.2.75,WSS3-328.BIGMKT3.COM
172.30.2.76,WSS3-329.BIGMKT3.COM
172.30.2.77,WSS3-330.BIGMKT3.COM
172.30.2.78,WSS3-331.BIGMKT3.COM
172.30.2.79,WSS3-332.BIGMKT3.COM
172.30.2.80,WSS3-333.BIGMKT3.COM
172.30.2.81,WSS3-334.BIGMKT3.COM
172.30.2.82,WSS3-335.BIGMKT3.COM
172.30.2.83,WSS3-336.BIGMKT3.COM
172.30.2.84,WSS3-337.BIGMKT3.COM
172.30.2.85,WSS3-338.BIGMKT3.COM
172.30.2.86,WSS3-339.BIGMKT3.COM
172.30.2.87,WSS3-340.BIGMKT3.COM
172.30.2.88,WSS3-341.BIGMKT3.COM
172.30.2.89,WSS3-342.BIGMKT3.COM
172.30.2.90,WSS3-343.BIGMKT3.COM
172.30.2.91,WSS3-344.BIGMKT3.COM
172.30.2.92,WSS3-345.BIGMKT3.COM
172.30.2.93,WSS3-346.BIGMKT3.COM
172.30.2.94,WSS3-347.BIGMKT3.COM
172.30.2.95,WSS3-348.BIGMKT3.COM
172.30.2.96,WSS3-349.BIGMKT3.COM
172.30.2.97,WSS3-350.BIGMKT3.COM
172.30.2.98,WSS3-351.BIGMKT3.COM
172.30.2.99,WSS3-352.BIGMKT3.COM
172.30.2.100,WSS3-353.BIGMKT3.COM
172.30.2.101,WSS3-354.BIGMKT3.COM
172.30.2.102,WSS3-355.BIGMKT3.COM
172.30.2.103,WSS3-356.BIGMKT3.COM
172.30.2.104,WSS3-357.BIGMKT3.COM
172.30.2.105,WSS3-358.BIGMKT3.COM
172.30.2.106,WSS3-359.BIGMKT3.COM
172.30.2.107,WSS3-360.BIGMKT3.COM
172.30.2.108,WSS3-361.BIGMKT3.COM
172.30.2.109,WSS3-362.BIGMKT3.COM
172.30.2.110,WSS3-363.BIGMKT3.COM
172.30.2.111,WSS3-364.BIGMKT3.COM
172.30.2.112,WSS3-365.BIGMKT3.COM
172.30.2.113,WSS3-366.BIGMKT3.COM
172.30.2.114,WSS3-367.BIGMKT3.COM
172.30.2.115,WSS3-368.BIGMKT3.COM
172.30.2.116,WSS3-369.BIGMKT3.COM
172.30.2.117,WSS3-370.BIGMKT3.COM
172.30.2.118,WSS3-371.BIGMKT3.COM
172.30.2.119,WSS3-372.BIGMKT3.COM
172.30.2.120,WSS3-373.BIGMKT3.COM
172.30.2.121,WSS3-374.BIGMKT3.COM
172.30.2.122,WSS3-375.BIGMKT3.COM
172.30.2.123,WSS3-376.BIGMKT3.COM
172.30.2.124,WSS3-377.BIGMKT3.COM
172.30.2.125,WSS3-378.BIGMKT3.COM
172.30.2.126,WSS3-379.BIGMKT3.COM
172.30.2.127,WSS3-380.BIGMKT3.COM
172.30.2.128,WSS3-381.BIGMKT3.COM
172.30.2.129,WSS3-382.BIGMKT3.COM
172.30.2.130,WSS3-383.BIGMKT3.COM
172.30.2.131,WSS3-384.BIGMKT3.COM
172.30.2.132,WSS3-385.BIGMKT3.COM
172.30.2.133,WSS3-386.BIGMKT3.COM
172.30.2.134,WSS3-387.BIGMKT3.COM
172.30.2.135,WSS3-388.BIGMKT3.COM
172.30.2.136,WSS3-389.BIGMKT3.COM
172.30.2.137,WSS3-390.BIGMKT3.COM
172.30.2.138,WSS3-391.BIGMKT3.COM
172.30.2.139,WSS3-392.BIGMKT3.COM
172.30.2.140,WSS3-393.BIGMKT3.COM
172.30.2.141,WSS3-394.BIGMKT3.COM
172.30.2.142,WSS3-395.BIGMKT3.COM
172.30.2.143,WSS3-396.BIGMKT3.COM
172.30.2.144,WSS3-397.BIGMKT3.COM
172.30.2.145,WSS3-398.BIGMKT3.COM
172.30.2.146,WSS3-399.BIGMKT3.COM
172.30.2.147,WSS3-400.BIGMKT3.COM
